{"accuracy": [0.5959883332252502, 0.855195939540863, 0.9111031889915466, 0.9389430284500122, 0.9533395171165466, 0.9649335145950317, 0.9707944989204407, 0.9749057292938232, 0.9791592359542847, 0.9807098507881165], "loss": [1.368219256401062, 0.45641642808914185, 0.2752011716365814, 0.1869426965713501, 0.14351999759674072, 0.10729391872882843, 0.089325450360775, 0.0765383392572403, 0.0642046183347702, 0.05792560800909996], "val_accuracy": [0.8265421986579895, 0.8972228765487671, 0.9135556817054749, 0.9333598613739014, 0.9504324793815613, 0.9553266763687134, 0.9590257406234741, 0.9357500672340393, 0.9700090885162354, 0.9634076952934265], "val_loss": [0.5440027117729187, 0.3247833549976349, 0.264201283454895, 0.2054693102836609, 0.15100553631782532, 0.14548534154891968, 0.1316203474998474, 0.21943025290966034, 0.09949304908514023, 0.13010835647583008]}